-- MySQL dump 10.13  Distrib 5.5.46, for debian-linux-gnu (x86_64)
--
-- Host: localhost    Database: mapsdb
-- ------------------------------------------------------
-- Server version	5.5.46-0ubuntu0.14.04.2

/*!40101 SET @OLD_CHARACTER_SET_CLIENT=@@CHARACTER_SET_CLIENT */;
/*!40101 SET @OLD_CHARACTER_SET_RESULTS=@@CHARACTER_SET_RESULTS */;
/*!40101 SET @OLD_COLLATION_CONNECTION=@@COLLATION_CONNECTION */;
/*!40101 SET NAMES utf8 */;
/*!40103 SET @OLD_TIME_ZONE=@@TIME_ZONE */;
/*!40103 SET TIME_ZONE='+00:00' */;
/*!40014 SET @OLD_UNIQUE_CHECKS=@@UNIQUE_CHECKS, UNIQUE_CHECKS=0 */;
/*!40014 SET @OLD_FOREIGN_KEY_CHECKS=@@FOREIGN_KEY_CHECKS, FOREIGN_KEY_CHECKS=0 */;
/*!40101 SET @OLD_SQL_MODE=@@SQL_MODE, SQL_MODE='NO_AUTO_VALUE_ON_ZERO' */;
/*!40111 SET @OLD_SQL_NOTES=@@SQL_NOTES, SQL_NOTES=0 */;

--
-- Table structure for table `auth_group`
--

DROP TABLE IF EXISTS `auth_group`;
/*!40101 SET @saved_cs_client     = @@character_set_client */;
/*!40101 SET character_set_client = utf8 */;
CREATE TABLE `auth_group` (
  `id` int(11) NOT NULL AUTO_INCREMENT,
  `name` varchar(80) NOT NULL,
  PRIMARY KEY (`id`),
  UNIQUE KEY `name` (`name`)
) ENGINE=InnoDB DEFAULT CHARSET=latin1;
/*!40101 SET character_set_client = @saved_cs_client */;

--
-- Dumping data for table `auth_group`
--

LOCK TABLES `auth_group` WRITE;
/*!40000 ALTER TABLE `auth_group` DISABLE KEYS */;
/*!40000 ALTER TABLE `auth_group` ENABLE KEYS */;
UNLOCK TABLES;

--
-- Table structure for table `auth_group_permissions`
--

DROP TABLE IF EXISTS `auth_group_permissions`;
/*!40101 SET @saved_cs_client     = @@character_set_client */;
/*!40101 SET character_set_client = utf8 */;
CREATE TABLE `auth_group_permissions` (
  `id` int(11) NOT NULL AUTO_INCREMENT,
  `group_id` int(11) NOT NULL,
  `permission_id` int(11) NOT NULL,
  PRIMARY KEY (`id`),
  UNIQUE KEY `group_id` (`group_id`,`permission_id`),
  KEY `auth_group__permission_id_6a6954077bb765ea_fk_auth_permission_id` (`permission_id`),
  CONSTRAINT `auth_group_permission_group_id_4a869a885d96aca7_fk_auth_group_id` FOREIGN KEY (`group_id`) REFERENCES `auth_group` (`id`),
  CONSTRAINT `auth_group__permission_id_6a6954077bb765ea_fk_auth_permission_id` FOREIGN KEY (`permission_id`) REFERENCES `auth_permission` (`id`)
) ENGINE=InnoDB DEFAULT CHARSET=latin1;
/*!40101 SET character_set_client = @saved_cs_client */;

--
-- Dumping data for table `auth_group_permissions`
--

LOCK TABLES `auth_group_permissions` WRITE;
/*!40000 ALTER TABLE `auth_group_permissions` DISABLE KEYS */;
/*!40000 ALTER TABLE `auth_group_permissions` ENABLE KEYS */;
UNLOCK TABLES;

--
-- Table structure for table `auth_permission`
--

DROP TABLE IF EXISTS `auth_permission`;
/*!40101 SET @saved_cs_client     = @@character_set_client */;
/*!40101 SET character_set_client = utf8 */;
CREATE TABLE `auth_permission` (
  `id` int(11) NOT NULL AUTO_INCREMENT,
  `name` varchar(255) NOT NULL,
  `content_type_id` int(11) NOT NULL,
  `codename` varchar(100) NOT NULL,
  PRIMARY KEY (`id`),
  UNIQUE KEY `content_type_id` (`content_type_id`,`codename`),
  CONSTRAINT `auth__content_type_id_1076d4b17fc204e7_fk_django_content_type_id` FOREIGN KEY (`content_type_id`) REFERENCES `django_content_type` (`id`)
) ENGINE=InnoDB AUTO_INCREMENT=31 DEFAULT CHARSET=latin1;
/*!40101 SET character_set_client = @saved_cs_client */;

--
-- Dumping data for table `auth_permission`
--

LOCK TABLES `auth_permission` WRITE;
/*!40000 ALTER TABLE `auth_permission` DISABLE KEYS */;
INSERT INTO `auth_permission` VALUES (1,'Can add log entry',1,'add_logentry'),(2,'Can change log entry',1,'change_logentry'),(3,'Can delete log entry',1,'delete_logentry'),(4,'Can add permission',2,'add_permission'),(5,'Can change permission',2,'change_permission'),(6,'Can delete permission',2,'delete_permission'),(7,'Can add group',3,'add_group'),(8,'Can change group',3,'change_group'),(9,'Can delete group',3,'delete_group'),(10,'Can add user',4,'add_user'),(11,'Can change user',4,'change_user'),(12,'Can delete user',4,'delete_user'),(13,'Can add content type',5,'add_contenttype'),(14,'Can change content type',5,'change_contenttype'),(15,'Can delete content type',5,'delete_contenttype'),(16,'Can add session',6,'add_session'),(17,'Can change session',6,'change_session'),(18,'Can delete session',6,'delete_session'),(25,'Can add beam',9,'add_beam'),(26,'Can change beam',9,'change_beam'),(27,'Can delete beam',9,'delete_beam'),(28,'Can add point',10,'add_point'),(29,'Can change point',10,'change_point'),(30,'Can delete point',10,'delete_point');
/*!40000 ALTER TABLE `auth_permission` ENABLE KEYS */;
UNLOCK TABLES;

--
-- Table structure for table `auth_user`
--

DROP TABLE IF EXISTS `auth_user`;
/*!40101 SET @saved_cs_client     = @@character_set_client */;
/*!40101 SET character_set_client = utf8 */;
CREATE TABLE `auth_user` (
  `id` int(11) NOT NULL AUTO_INCREMENT,
  `password` varchar(128) NOT NULL,
  `last_login` datetime DEFAULT NULL,
  `is_superuser` tinyint(1) NOT NULL,
  `username` varchar(30) NOT NULL,
  `first_name` varchar(30) NOT NULL,
  `last_name` varchar(30) NOT NULL,
  `email` varchar(254) NOT NULL,
  `is_staff` tinyint(1) NOT NULL,
  `is_active` tinyint(1) NOT NULL,
  `date_joined` datetime NOT NULL,
  PRIMARY KEY (`id`),
  UNIQUE KEY `username` (`username`)
) ENGINE=InnoDB AUTO_INCREMENT=2 DEFAULT CHARSET=latin1;
/*!40101 SET character_set_client = @saved_cs_client */;

--
-- Dumping data for table `auth_user`
--

LOCK TABLES `auth_user` WRITE;
/*!40000 ALTER TABLE `auth_user` DISABLE KEYS */;
INSERT INTO `auth_user` VALUES (1,'pbkdf2_sha256$20000$4LeUbZdCRXBI$HxNzeUHHrIW5lYQVleEJPWvFV4E6U0bC8m7v8IwC1e0=','2015-11-19 14:02:01',1,'admin','','','admin@mail.loc',1,1,'2015-11-19 14:01:42');
/*!40000 ALTER TABLE `auth_user` ENABLE KEYS */;
UNLOCK TABLES;

--
-- Table structure for table `auth_user_groups`
--

DROP TABLE IF EXISTS `auth_user_groups`;
/*!40101 SET @saved_cs_client     = @@character_set_client */;
/*!40101 SET character_set_client = utf8 */;
CREATE TABLE `auth_user_groups` (
  `id` int(11) NOT NULL AUTO_INCREMENT,
  `user_id` int(11) NOT NULL,
  `group_id` int(11) NOT NULL,
  PRIMARY KEY (`id`),
  UNIQUE KEY `user_id` (`user_id`,`group_id`),
  KEY `auth_user_groups_group_id_4da11ce1b7450623_fk_auth_group_id` (`group_id`),
  CONSTRAINT `auth_user_groups_group_id_4da11ce1b7450623_fk_auth_group_id` FOREIGN KEY (`group_id`) REFERENCES `auth_group` (`id`),
  CONSTRAINT `auth_user_groups_user_id_33592211b2f08516_fk_auth_user_id` FOREIGN KEY (`user_id`) REFERENCES `auth_user` (`id`)
) ENGINE=InnoDB DEFAULT CHARSET=latin1;
/*!40101 SET character_set_client = @saved_cs_client */;

--
-- Dumping data for table `auth_user_groups`
--

LOCK TABLES `auth_user_groups` WRITE;
/*!40000 ALTER TABLE `auth_user_groups` DISABLE KEYS */;
/*!40000 ALTER TABLE `auth_user_groups` ENABLE KEYS */;
UNLOCK TABLES;

--
-- Table structure for table `auth_user_user_permissions`
--

DROP TABLE IF EXISTS `auth_user_user_permissions`;
/*!40101 SET @saved_cs_client     = @@character_set_client */;
/*!40101 SET character_set_client = utf8 */;
CREATE TABLE `auth_user_user_permissions` (
  `id` int(11) NOT NULL AUTO_INCREMENT,
  `user_id` int(11) NOT NULL,
  `permission_id` int(11) NOT NULL,
  PRIMARY KEY (`id`),
  UNIQUE KEY `user_id` (`user_id`,`permission_id`),
  KEY `auth_user_u_permission_id_4abcd85b306fb934_fk_auth_permission_id` (`permission_id`),
  CONSTRAINT `auth_user_user_permissi_user_id_269fddb63c63de82_fk_auth_user_id` FOREIGN KEY (`user_id`) REFERENCES `auth_user` (`id`),
  CONSTRAINT `auth_user_u_permission_id_4abcd85b306fb934_fk_auth_permission_id` FOREIGN KEY (`permission_id`) REFERENCES `auth_permission` (`id`)
) ENGINE=InnoDB DEFAULT CHARSET=latin1;
/*!40101 SET character_set_client = @saved_cs_client */;

--
-- Dumping data for table `auth_user_user_permissions`
--

LOCK TABLES `auth_user_user_permissions` WRITE;
/*!40000 ALTER TABLE `auth_user_user_permissions` DISABLE KEYS */;
/*!40000 ALTER TABLE `auth_user_user_permissions` ENABLE KEYS */;
UNLOCK TABLES;

--
-- Table structure for table `beamsload_beam`
--

DROP TABLE IF EXISTS `beamsload_beam`;
/*!40101 SET @saved_cs_client     = @@character_set_client */;
/*!40101 SET character_set_client = utf8 */;
CREATE TABLE `beamsload_beam` (
  `id` int(11) NOT NULL AUTO_INCREMENT,
  `beam_name` varchar(30) NOT NULL,
  `satellite_name` varchar(30) NOT NULL,
  PRIMARY KEY (`id`)
) ENGINE=InnoDB AUTO_INCREMENT=11 DEFAULT CHARSET=latin1;
/*!40101 SET character_set_client = @saved_cs_client */;

--
-- Dumping data for table `beamsload_beam`
--

LOCK TABLES `beamsload_beam` WRITE;
/*!40000 ALTER TABLE `beamsload_beam` DISABLE KEYS */;
INSERT INTO `beamsload_beam` VALUES (1,'Zilovo, G1','Express AM5'),(2,'Tulun, G2','None'),(3,'Komsomols-on-amur, G3','None'),(4,'Ulan-ude, G4','None'),(5,'Abakan, G5','None'),(6,'Shimanovsk, G6','None'),(7,'Ussuriysk, G7','None'),(8,'Smimykh, G8','None'),(9,'Gora-bakening, G9','None'),(10,'Neryungri, G10','None');
/*!40000 ALTER TABLE `beamsload_beam` ENABLE KEYS */;
UNLOCK TABLES;

--
-- Table structure for table `beamsload_point`
--

DROP TABLE IF EXISTS `beamsload_point`;
/*!40101 SET @saved_cs_client     = @@character_set_client */;
/*!40101 SET character_set_client = utf8 */;
CREATE TABLE `beamsload_point` (
  `id` int(11) NOT NULL AUTO_INCREMENT,
  `latitude` decimal(17,14) NOT NULL,
  `longitude` decimal(17,14) NOT NULL,
  `beam_id` int(11) NOT NULL,
  PRIMARY KEY (`id`),
  KEY `beamsload_point_01e68297` (`beam_id`),
  CONSTRAINT `beamsload_point_beam_id_6599ba07f1567d61_fk_beamsload_beam_id` FOREIGN KEY (`beam_id`) REFERENCES `beamsload_beam` (`id`)
) ENGINE=InnoDB AUTO_INCREMENT=269 DEFAULT CHARSET=latin1;
/*!40101 SET character_set_client = @saved_cs_client */;

--
-- Dumping data for table `beamsload_point`
--

LOCK TABLES `beamsload_point` WRITE;
/*!40000 ALTER TABLE `beamsload_point` DISABLE KEYS */;
INSERT INTO `beamsload_point` VALUES (5,59.90000000000000,105.35000000000000,1),(6,61.43000000000000,105.83000000000000,1),(7,62.05000000000000,106.98000000000000,1),(8,61.84000000000000,108.91000000000000,1),(9,61.53000000000000,110.06000000000000,1),(10,61.02000000000000,112.47000000000000,1),(11,59.49000000000000,115.55000000000000,1),(12,56.32000000000000,120.17000000000000,1),(13,53.15000000000000,122.58000000000000,1),(14,49.88000000000000,123.35000000000000,1),(15,48.55000000000000,123.06000000000000,1),(16,47.73000000000000,122.58000000000000,1),(17,47.11000000000000,121.61000000000000,1),(18,46.70000000000000,120.75000000000000,1),(19,46.50000000000000,120.07000000000000,1),(20,47.11000000000000,118.63000000000000,1),(21,47.52000000000000,117.67000000000000,1),(22,48.03000000000000,116.42000000000000,1),(23,48.75000000000000,115.45000000000000,1),(24,49.57000000000000,114.20000000000000,1),(25,50.59000000000000,113.05000000000000,1),(26,51.31000000000000,112.09000000000000,1),(27,52.13000000000000,111.12000000000000,1),(28,53.15000000000000,110.06000000000000,1),(29,54.99000000000000,108.43000000000000,1),(30,56.11000000000000,107.85000000000000,1),(31,57.44000000000000,106.70000000000000,1),(32,59.90000000000000,105.35000000000000,1),(33,60.31000000000000,67.90000000000000,2),(34,64.90000000000000,70.31000000000000,2),(35,63.38000000000000,74.45000000000000,2),(36,62.56000000000000,79.45000000000000,2),(37,61.74000000000000,84.75000000000000,2),(38,61.33000000000000,86.58000000000000,2),(39,60.31000000000000,91.01000000000000,2),(40,58.16000000000000,97.36000000000000,2),(41,56.01000000000000,101.79000000000000,2),(42,53.56000000000000,106.12000000000000,2),(43,51.41000000000000,108.24000000000000,2),(44,49.67000000000000,109.49000000000000,2),(45,47.73000000000000,110.06000000000000,2),(46,46.91000000000000,109.97000000000000,2),(47,46.40000000000000,109.58000000000000,2),(48,45.78000000000000,108.72000000000000,2),(49,45.38000000000000,107.56000000000000,2),(50,45.68000000000000,105.83000000000000,2),(51,46.09000000000000,103.33000000000000,2),(52,47.32000000000000,100.63000000000000,2),(53,49.57000000000000,96.30000000000000,2),(54,51.82000000000000,91.29000000000000,2),(55,54.78000000000000,85.42000000000000,2),(56,56.93000000000000,80.32000000000000,2),(57,59.08000000000000,73.20000000000000,2),(58,60.31000000000000,67.90000000000000,2),(59,56.89000000000000,134.66000000000000,3),(60,56.79000000000000,135.55000000000000,3),(61,56.58000000000000,136.77000000000000,3),(62,56.16000000000000,137.78000000000000,3),(63,55.42000000000000,138.78000000000000,3),(64,54.58000000000000,139.44000000000000,3),(65,53.42000000000000,140.33000000000000,3),(66,52.47000000000000,140.78000000000000,3),(67,50.68000000000000,141.00000000000000,3),(68,49.84000000000000,141.00000000000000,3),(69,48.37000000000000,140.78000000000000,3),(70,46.47000000000000,139.89000000000000,3),(71,45.00000000000000,138.44000000000000,3),(72,43.84000000000000,137.11000000000000,3),(73,44.47000000000000,134.77000000000000,3),(74,45.11000000000000,133.99000000000000,3),(75,45.95000000000000,132.88000000000000,3),(76,46.79000000000000,132.21000000000000,3),(77,47.74000000000000,131.55000000000000,3),(78,50.05000000000000,130.66000000000000,3),(79,51.74000000000000,130.32000000000000,3),(80,53.53000000000000,130.54000000000000,3),(81,54.79000000000000,131.21000000000000,3),(82,56.16000000000000,132.32000000000000,3),(83,56.58000000000000,133.55000000000000,3),(84,56.89000000000000,134.66000000000000,3),(85,60.82000000000000,93.60000000000000,4),(86,61.53000000000000,94.18000000000000,4),(87,61.64000000000000,95.14000000000000,4),(88,61.64000000000000,96.88000000000000,4),(89,61.33000000000000,99.96000000000000,4),(90,60.20000000000000,103.52000000000000,4),(91,58.88000000000000,107.18000000000000,4),(92,57.55000000000000,109.87000000000000,4),(93,54.58000000000000,114.20000000000000,4),(94,51.51000000000000,116.71000000000000,4),(95,49.26000000000000,117.67000000000000,4),(96,47.22000000000000,117.48000000000000,4),(97,46.30000000000000,116.61000000000000,4),(98,45.78000000000000,115.89000000000000,4),(99,45.58000000000000,114.78000000000000,4),(100,45.99000000000000,112.76000000000000,4),(101,46.60000000000000,111.32000000000000,4),(102,47.01000000000000,110.06000000000000,4),(103,47.73000000000000,108.72000000000000,4),(104,48.55000000000000,107.37000000000000,4),(105,49.47000000000000,105.83000000000000,4),(106,50.28000000000000,104.87000000000000,4),(107,53.56000000000000,100.53000000000000,4),(108,58.36000000000000,95.05000000000000,4),(109,59.69000000000000,94.28000000000000,4),(110,60.82000000000000,93.60000000000000,4),(111,54.78000000000000,65.35000000000000,5),(112,61.43000000000000,68.47000000000000,5),(113,60.61000000000000,74.14000000000000,5),(114,59.80000000000000,79.37000000000000,5),(115,59.28000000000000,82.04000000000000,5),(116,59.08000000000000,83.60000000000000,5),(117,58.06000000000000,87.05000000000000,5),(118,55.70000000000000,94.17000000000000,5),(119,53.56000000000000,98.84000000000000,5),(120,51.51000000000000,101.29000000000000,5),(121,49.57000000000000,102.84000000000000,5),(122,47.73000000000000,103.84000000000000,5),(123,46.60000000000000,103.84000000000000,5),(124,46.09000000000000,103.51000000000000,5),(125,45.68000000000000,103.07000000000000,5),(126,45.17000000000000,101.62000000000000,5),(127,45.27000000000000,98.84000000000000,5),(128,45.89000000000000,96.72000000000000,5),(129,46.70000000000000,93.72000000000000,5),(130,47.42000000000000,92.33000000000000,5),(131,48.44000000000000,88.71000000000000,5),(132,50.39000000000000,83.93000000000000,5),(133,51.41000000000000,81.04000000000000,5),(134,53.15000000000000,73.70000000000000,5),(135,54.07000000000000,68.91000000000000,5),(136,54.07000000000000,65.35000000000000,5),(137,54.78000000000000,65.35000000000000,5),(138,59.59000000000000,123.35000000000000,6),(139,59.39000000000000,124.70000000000000,6),(140,59.18000000000000,125.85000000000000,6),(141,58.57000000000000,127.49000000000000,6),(142,57.55000000000000,129.60000000000000,6),(143,56.73000000000000,130.57000000000000,6),(144,55.30000000000000,131.72000000000000,6),(145,53.45000000000000,132.97000000000000,6),(146,50.90000000000000,133.36000000000000,6),(147,48.95000000000000,133.45000000000000,6),(148,47.42000000000000,132.97000000000000,6),(149,46.40000000000000,132.30000000000000,6),(150,45.99000000000000,131.24000000000000,6),(151,45.07000000000000,129.80000000000000,6),(152,45.38000000000000,128.35000000000000,6),(153,45.68000000000000,127.49000000000000,6),(154,46.40000000000000,126.72000000000000,6),(155,48.44000000000000,124.21000000000000,6),(156,49.06000000000000,123.64000000000000,6),(157,49.77000000000000,123.06000000000000,6),(158,51.00000000000000,122.29000000000000,6),(159,54.27000000000000,120.84000000000000,6),(160,56.73000000000000,120.75000000000000,6),(161,57.95000000000000,121.33000000000000,6),(162,58.67000000000000,122.19000000000000,6),(163,59.59000000000000,123.35000000000000,6),(164,48.85000000000000,130.21000000000000,7),(165,48.85000000000000,132.10000000000000,7),(166,48.55000000000000,132.99000000000000,7),(167,47.73000000000000,134.55000000000000,7),(168,46.50000000000000,135.44000000000000,7),(169,45.38000000000000,136.33000000000000,7),(170,44.25000000000000,136.44000000000000,7),(171,43.13000000000000,136.77000000000000,7),(172,41.69000000000000,136.55000000000000,7),(173,40.77000000000000,136.00000000000000,7),(174,39.95000000000000,135.66000000000000,7),(175,39.03000000000000,134.55000000000000,7),(176,38.63000000000000,131.99000000000000,7),(177,39.55000000000000,130.77000000000000,7),(178,40.16000000000000,130.10000000000000,7),(179,40.77000000000000,129.32000000000000,7),(180,41.49000000000000,128.76000000000000,7),(181,42.10000000000000,128.54000000000000,7),(182,43.23000000000000,127.99000000000000,7),(183,44.45000000000000,127.43000000000000,7),(184,45.38000000000000,127.43000000000000,7),(185,45.99000000000000,127.54000000000000,7),(186,46.40000000000000,127.87000000000000,7),(187,47.63000000000000,128.65000000000000,7),(188,48.34000000000000,129.54000000000000,7),(189,48.85000000000000,130.21000000000000,7),(190,56.22000000000000,145.01000000000000,8),(191,56.01000000000000,146.45000000000000,8),(192,55.40000000000000,147.22000000000000,8),(193,54.68000000000000,147.99000000000000,8),(194,54.07000000000000,148.47000000000000,8),(195,52.84000000000000,149.24000000000000,8),(196,51.31000000000000,149.24000000000000,8),(197,48.95000000000000,149.05000000000000,8),(198,47.63000000000000,148.47000000000000,8),(199,46.40000000000000,147.89000000000000,8),(200,45.78000000000000,147.41000000000000,8),(201,44.97000000000000,146.74000000000000,8),(202,44.25000000000000,145.78000000000000,8),(203,43.53000000000000,144.14000000000000,8),(204,44.15000000000000,141.54000000000000,8),(205,44.97000000000000,140.39000000000000,8),(206,45.78000000000000,139.90000000000000,8),(207,46.91000000000000,139.33000000000000,8),(208,48.55000000000000,138.75000000000000,8),(209,49.47000000000000,138.75000000000000,8),(210,50.69000000000000,138.65000000000000,8),(211,51.82000000000000,138.94000000000000,8),(212,52.84000000000000,139.61000000000000,8),(213,54.27000000000000,140.39000000000000,8),(214,55.70000000000000,142.27000000000000,8),(215,55.91000000000000,143.18000000000000,8),(216,56.22000000000000,145.01000000000000,8),(217,63.58000000000000,167.72000000000000,9),(218,62.86000000000000,168.20000000000000,9),(219,62.15000000000000,168.59000000000000,9),(220,61.84000000000000,168.61000000000000,9),(221,60.31000000000000,168.30000000000000,9),(222,59.08000000000000,167.72000000000000,9),(223,57.34000000000000,166.75000000000000,9),(224,52.33000000000000,163.20000000000000,9),(225,48.14000000000000,158.10000000000000,9),(226,47.42000000000000,156.17000000000000,9),(227,47.42000000000000,154.44000000000000,9),(228,48.24000000000000,152.80000000000000,9),(229,49.57000000000000,151.84000000000000,9),(230,51.20000000000000,151.26000000000000,9),(231,52.43000000000000,151.36000000000000,9),(232,53.56000000000000,151.65000000000000,9),(233,55.81000000000000,152.71000000000000,9),(234,57.55000000000000,153.86000000000000,9),(235,58.67000000000000,154.82000000000000,9),(236,59.08000000000000,155.50000000000000,9),(237,60.20000000000000,156.65000000000000,9),(238,61.02000000000000,158.00000000000000,9),(239,62.76000000000000,160.89000000000000,9),(240,63.48000000000000,163.39000000000000,9),(241,63.48000000000000,164.74000000000000,9),(242,63.58000000000000,167.72000000000000,9),(243,67.77000000000000,106.70000000000000,10),(244,67.88000000000000,108.04000000000000,10),(245,67.98000000000000,109.68000000000000,10),(246,67.77000000000000,110.64000000000000,10),(247,66.95000000000000,113.43000000000000,10),(248,65.32000000000000,117.67000000000000,10),(249,64.19000000000000,119.69000000000000,10),(250,62.97000000000000,121.90000000000000,10),(251,61.33000000000000,123.64000000000000,10),(252,58.88000000000000,125.56000000000000,10),(253,56.83000000000000,126.81000000000000,10),(254,54.78000000000000,127.39000000000000,10),(255,53.56000000000000,127.29000000000000,10),(256,51.82000000000000,127.10000000000000,10),(257,50.39000000000000,125.95000000000000,10),(258,49.88000000000000,124.70000000000000,10),(259,49.98000000000000,122.87000000000000,10),(260,50.39000000000000,121.52000000000000,10),(261,51.41000000000000,119.69000000000000,10),(262,53.05000000000000,117.38000000000000,10),(263,54.58000000000000,115.55000000000000,10),(264,56.22000000000000,113.72000000000000,10),(265,58.88000000000000,111.60000000000000,10),(266,63.89000000000000,107.56000000000000,10),(267,66.55000000000000,106.12000000000000,10),(268,67.77000000000000,106.70000000000000,10);
/*!40000 ALTER TABLE `beamsload_point` ENABLE KEYS */;
UNLOCK TABLES;

--
-- Table structure for table `django_admin_log`
--

DROP TABLE IF EXISTS `django_admin_log`;
/*!40101 SET @saved_cs_client     = @@character_set_client */;
/*!40101 SET character_set_client = utf8 */;
CREATE TABLE `django_admin_log` (
  `id` int(11) NOT NULL AUTO_INCREMENT,
  `action_time` datetime NOT NULL,
  `object_id` longtext,
  `object_repr` varchar(200) NOT NULL,
  `action_flag` smallint(5) unsigned NOT NULL,
  `change_message` longtext NOT NULL,
  `content_type_id` int(11) DEFAULT NULL,
  `user_id` int(11) NOT NULL,
  PRIMARY KEY (`id`),
  KEY `djang_content_type_id_3cbc6565e7b255d9_fk_django_content_type_id` (`content_type_id`),
  KEY `django_admin_log_user_id_2c209a2f711e0c45_fk_auth_user_id` (`user_id`),
  CONSTRAINT `django_admin_log_user_id_2c209a2f711e0c45_fk_auth_user_id` FOREIGN KEY (`user_id`) REFERENCES `auth_user` (`id`),
  CONSTRAINT `djang_content_type_id_3cbc6565e7b255d9_fk_django_content_type_id` FOREIGN KEY (`content_type_id`) REFERENCES `django_content_type` (`id`)
) ENGINE=InnoDB AUTO_INCREMENT=2 DEFAULT CHARSET=latin1;
/*!40101 SET character_set_client = @saved_cs_client */;

--
-- Dumping data for table `django_admin_log`
--

LOCK TABLES `django_admin_log` WRITE;
/*!40000 ALTER TABLE `django_admin_log` DISABLE KEYS */;
INSERT INTO `django_admin_log` VALUES (1,'2015-11-25 08:02:23','1','Zilovo, G1',2,'Added point \"Point object\".',9,1);
/*!40000 ALTER TABLE `django_admin_log` ENABLE KEYS */;
UNLOCK TABLES;

--
-- Table structure for table `django_content_type`
--

DROP TABLE IF EXISTS `django_content_type`;
/*!40101 SET @saved_cs_client     = @@character_set_client */;
/*!40101 SET character_set_client = utf8 */;
CREATE TABLE `django_content_type` (
  `id` int(11) NOT NULL AUTO_INCREMENT,
  `app_label` varchar(100) NOT NULL,
  `model` varchar(100) NOT NULL,
  PRIMARY KEY (`id`),
  UNIQUE KEY `django_content_type_app_label_4be079641f2abbde_uniq` (`app_label`,`model`)
) ENGINE=InnoDB AUTO_INCREMENT=11 DEFAULT CHARSET=latin1;
/*!40101 SET character_set_client = @saved_cs_client */;

--
-- Dumping data for table `django_content_type`
--

LOCK TABLES `django_content_type` WRITE;
/*!40000 ALTER TABLE `django_content_type` DISABLE KEYS */;
INSERT INTO `django_content_type` VALUES (1,'admin','logentry'),(3,'auth','group'),(2,'auth','permission'),(4,'auth','user'),(9,'beamsload','beam'),(10,'beamsload','point'),(5,'contenttypes','contenttype'),(6,'sessions','session');
/*!40000 ALTER TABLE `django_content_type` ENABLE KEYS */;
UNLOCK TABLES;

--
-- Table structure for table `django_migrations`
--

DROP TABLE IF EXISTS `django_migrations`;
/*!40101 SET @saved_cs_client     = @@character_set_client */;
/*!40101 SET character_set_client = utf8 */;
CREATE TABLE `django_migrations` (
  `id` int(11) NOT NULL AUTO_INCREMENT,
  `app` varchar(255) NOT NULL,
  `name` varchar(255) NOT NULL,
  `applied` datetime NOT NULL,
  PRIMARY KEY (`id`)
) ENGINE=InnoDB AUTO_INCREMENT=15 DEFAULT CHARSET=latin1;
/*!40101 SET character_set_client = @saved_cs_client */;

--
-- Dumping data for table `django_migrations`
--

LOCK TABLES `django_migrations` WRITE;
/*!40000 ALTER TABLE `django_migrations` DISABLE KEYS */;
INSERT INTO `django_migrations` VALUES (1,'contenttypes','0001_initial','2015-11-19 14:00:05'),(2,'auth','0001_initial','2015-11-19 14:00:06'),(3,'admin','0001_initial','2015-11-19 14:00:06'),(4,'contenttypes','0002_remove_content_type_name','2015-11-19 14:00:06'),(5,'auth','0002_alter_permission_name_max_length','2015-11-19 14:00:06'),(6,'auth','0003_alter_user_email_max_length','2015-11-19 14:00:06'),(7,'auth','0004_alter_user_username_opts','2015-11-19 14:00:06'),(8,'auth','0005_alter_user_last_login_null','2015-11-19 14:00:06'),(9,'auth','0006_require_contenttypes_0002','2015-11-19 14:00:06'),(10,'sessions','0001_initial','2015-11-19 14:00:06'),(11,'beamsload','0001_initial','2015-11-20 10:03:39'),(12,'beamsload','0002_beams_satellite_name','2015-11-20 11:23:28'),(13,'beamsload','0003_auto_20151120_1236','2015-11-20 12:36:36'),(14,'beamsload','0004_auto_20151123_0719','2015-11-23 07:19:39');
/*!40000 ALTER TABLE `django_migrations` ENABLE KEYS */;
UNLOCK TABLES;

--
-- Table structure for table `django_session`
--

DROP TABLE IF EXISTS `django_session`;
/*!40101 SET @saved_cs_client     = @@character_set_client */;
/*!40101 SET character_set_client = utf8 */;
CREATE TABLE `django_session` (
  `session_key` varchar(40) NOT NULL,
  `session_data` longtext NOT NULL,
  `expire_date` datetime NOT NULL,
  PRIMARY KEY (`session_key`),
  KEY `django_session_de54fa62` (`expire_date`)
) ENGINE=InnoDB DEFAULT CHARSET=latin1;
/*!40101 SET character_set_client = @saved_cs_client */;

--
-- Dumping data for table `django_session`
--

LOCK TABLES `django_session` WRITE;
/*!40000 ALTER TABLE `django_session` DISABLE KEYS */;
INSERT INTO `django_session` VALUES ('1f95n78sk937612u1row4g8937qqzuhk','ZWMzZmZlODIyYjU5ZjBmMmZlMDIwOGJkMmFmNjU5MjI3NDcwNTJkNDp7Il9hdXRoX3VzZXJfaGFzaCI6IjQ3MjVkNWEzOWUxYjBmYTgwYjAxYjZiYzFkMTczNWY2MDFiZDFjMjciLCJfYXV0aF91c2VyX2JhY2tlbmQiOiJkamFuZ28uY29udHJpYi5hdXRoLmJhY2tlbmRzLk1vZGVsQmFja2VuZCIsIl9hdXRoX3VzZXJfaWQiOiIxIn0=','2015-12-03 14:02:01');
/*!40000 ALTER TABLE `django_session` ENABLE KEYS */;
UNLOCK TABLES;
/*!40103 SET TIME_ZONE=@OLD_TIME_ZONE */;

/*!40101 SET SQL_MODE=@OLD_SQL_MODE */;
/*!40014 SET FOREIGN_KEY_CHECKS=@OLD_FOREIGN_KEY_CHECKS */;
/*!40014 SET UNIQUE_CHECKS=@OLD_UNIQUE_CHECKS */;
/*!40101 SET CHARACTER_SET_CLIENT=@OLD_CHARACTER_SET_CLIENT */;
/*!40101 SET CHARACTER_SET_RESULTS=@OLD_CHARACTER_SET_RESULTS */;
/*!40101 SET COLLATION_CONNECTION=@OLD_COLLATION_CONNECTION */;
/*!40111 SET SQL_NOTES=@OLD_SQL_NOTES */;

-- Dump completed on 2016-01-29 10:38:59
